--ville
INSERT INTO Ville(ville) VALUES('Alger centre');
INSERT INTO Ville(ville) VALUES('Les sources');
INSERT INTO Ville(ville) VALUES('Belouizdad');
INSERT INTO Ville(ville) VALUES('Sidi Mhamed');
INSERT INTO Ville(ville) VALUES('El Biar');
INSERT INTO Ville(ville) VALUES('El Mouradia');
INSERT INTO Ville(ville) VALUES('Hydra');
INSERT INTO Ville(ville) VALUES('Dely Brahim');
INSERT INTO Ville(ville) VALUES('Kouba');
INSERT INTO Ville(ville) VALUES('Bir Mourad Raïs');
INSERT INTO Ville(ville) VALUES('Birkhadem');
INSERT INTO Ville(ville) VALUES('El Achour');
INSERT INTO Ville(ville) VALUES('Bordj el kiffan');
INSERT INTO Ville(ville) VALUES('Baba hassen');
INSERT INTO Ville(ville) VALUES('Chéraga');
INSERT INTO Ville(ville) VALUES('Alger');
INSERT INTO Ville(ville) VALUES('Hussein Dey');
INSERT INTO Ville(ville) VALUES('Béni Messous');
INSERT INTO Ville(ville) VALUES('Bordj El Bahri');
INSERT INTO Ville(ville) VALUES('Centre commercial-Mohamadia mall');
INSERT INTO Ville(ville) VALUES('Saoula');
INSERT INTO Ville(ville) VALUES('El Harrach');
INSERT INTO Ville(ville) VALUES('Mohammadia');

--selection 
SELECT LPAD(ville,15) AS ville,TRIM(ville_gymnases)AS ville_gymnases
FROM ville;

SELECT TRIM(*) FROM VILLE;
--gymanses
INSERT INTO Gymnases(IDGYMNASE,NOMGYMNASE,ADRESSE,VILLE,SURFACE) VALUES(1,'Five Gym Club','Boulevard Mohamed 5',(SELECT ref(v) FROM ville v WHERE v.ville = 'Alger centre'),200);
INSERT INTO Gymnases(IDGYMNASE,NOMGYMNASE,ADRESSE,VILLE,SURFACE) VALUES(2,'Mina Sport','28 impasse musette les sources',(SELECT REF(v) FROM ville v WHERE v.ville ='Les sources'),450);
INSERT INTO Gymnases(IDGYMNASE,NOMGYMNASE,ADRESSE,VILLE,SURFACE) VALUES(3,'Aït Saada','Belouizdad',(SELECT REF(v) FROM ville v WHERE v.ville ='Belouizdad'),400);
INSERT INTO Gymnases(IDGYMNASE,NOMGYMNASE,ADRESSE,VILLE,SURFACE) VALUES(4,'Bahri Gym','Rue Mohamed Benzineb',(SELECT REF(v) FROM ville v WHERE v.ville ='Sidi Mhamed'),500);
INSERT INTO Gymnases(IDGYMNASE,NOMGYMNASE,ADRESSE,VILLE,SURFACE) VALUES(5,'Ladies First','3 Rue Diar Naama N° 03',(SELECT REF(v) FROM ville v WHERE v.ville ='El Biar'),620);
INSERT INTO Gymnases(IDGYMNASE,NOMGYMNASE,ADRESSE,VILLE,SURFACE) VALUES(6,'C.T.F Club','Rue Sylvain FOURASTIER',(SELECT REF(v) FROM ville v WHERE v.ville = 'El Mouradia'),400);
INSERT INTO Gymnases(IDGYMNASE,NOMGYMNASE,ADRESSE,VILLE,SURFACE) VALUES(7,'Body Fitness Center','Rue Rabah Takdjourt',(SELECT REF(v) FROM ville v WHERE v.ville ='Alger centre'),360);
INSERT INTO Gymnases(IDGYMNASE,NOMGYMNASE,ADRESSE,VILLE,SURFACE) VALUES(8,'Club Hydra Forme','Rue de l''Oasis',(SELECT REF(v) FROM ville v WHERE v.ville = 'Hydra'),420);
INSERT INTO Gymnases(IDGYMNASE,NOMGYMNASE,ADRESSE,VILLE,SURFACE) VALUES(9,'Profitness Dely Brahim','26 Bois des Cars 3', (SELECT REF(v) FROM ville v WHERE v.ville ='Dely Brahim'), 620);
INSERT INTO Gymnases(IDGYMNASE,NOMGYMNASE,ADRESSE,VILLE,SURFACE) VALUES(10,'CLUB SIFAKS','Rue Ben Omar 31', (SELECT REF(v) FROM ville v WHERE v.ville ='Kouba'),400);
INSERT INTO Gymnases(IDGYMNASE,NOMGYMNASE,ADRESSE,VILLE,SURFACE) VALUES(11,'Gym ZAAF Club','19 Ave Merabet Athmane',(SELECT REF(v) FROM ville v WHERE v.ville = 'El Mouradia'), 300);
INSERT INTO Gymnases(IDGYMNASE,NOMGYMNASE,ADRESSE,VILLE,SURFACE) VALUES(12,'GYM power','villa N°2, Chemin Said Hamdine',(SELECT REF(v) FROM ville v WHERE v.ville = 'Bir Mourad Raïs'), 480);
INSERT INTO Gymnases(IDGYMNASE,NOMGYMNASE,ADRESSE,VILLE,SURFACE) VALUES(13,'Icosium sport','Rue ICOSUM', (SELECT REF(v) FROM ville v WHERE v.ville ='Hydra'),200);
INSERT INTO Gymnases(IDGYMNASE,NOMGYMNASE,ADRESSE,VILLE,SURFACE) VALUES(14,'GIGA Fitness','res, Rue Hamoum Tahar', (SELECT REF(v) FROM ville v WHERE v.ville ='Birkhadem'), 500);
INSERT INTO Gymnases(IDGYMNASE,NOMGYMNASE,ADRESSE,VILLE,SURFACE) VALUES(15,'AC Fitness Et Aqua','Lotissement FAHS lot A n 12 parcelle 26', (SELECT REF(v) FROM ville v WHERE v.ville ='Birkhadem'),400);
INSERT INTO Gymnases(IDGYMNASE,NOMGYMNASE,ADRESSE,VILLE,SURFACE) VALUES(16,'MELIA GYM','Résidence les deux bassins Sahraoui local N° 03', (SELECT REF(v) FROM ville v WHERE v.ville ='El Achour'), 600);
INSERT INTO Gymnases(IDGYMNASE,NOMGYMNASE,ADRESSE,VILLE,SURFACE) VALUES(17,'Sam Gym Power','Rue Mahdoud BENKHOUDJA', (SELECT REF(v) FROM ville v WHERE v.ville ='Kouba'), 400);
INSERT INTO Gymnases(IDGYMNASE,NOMGYMNASE,ADRESSE,VILLE,SURFACE) VALUES(18,'AQUAFORTLAND SPA','Bordj el kiffan',(SELECT REF(v) FROM ville v WHERE v.ville ='Bordj el kiffan'),450);
INSERT INTO Gymnases(IDGYMNASE,NOMGYMNASE,ADRESSE,VILLE,SURFACE) VALUES(19,'GoFitness','Lotissement el louz n°264', (SELECT REF(v) FROM ville v WHERE v.ville ='Baba hassen'), 500);
INSERT INTO Gymnases(IDGYMNASE,NOMGYMNASE,ADRESSE,VILLE,SURFACE) VALUES(20,'Best Body Gym','Cité Alioua Fodil', (SELECT REF(v) FROM ville v WHERE v.ville ='Chéraga'), 400);
INSERT INTO Gymnases(IDGYMNASE,NOMGYMNASE,ADRESSE,VILLE,SURFACE) VALUES(21,'Power house gym','Cooperative Amina 02 Lot 15', (SELECT REF(v) FROM ville v WHERE v.ville ='Alger'),400);
INSERT INTO Gymnases(IDGYMNASE,NOMGYMNASE,ADRESSE,VILLE,SURFACE) VALUES(22,'POWER ZONE GYM','Chemin Fernane Hanafi', (SELECT REF(v) FROM ville v WHERE v.ville ='Hussein Dey'), 500);
INSERT INTO Gymnases(IDGYMNASE,NOMGYMNASE,ADRESSE,VILLE,SURFACE) VALUES(23,'World Gym','14 Boulevard Ibrahim Hadjress', (SELECT REF(v) FROM ville v WHERE v.ville ='Béni Messous'),520);
INSERT INTO Gymnases(IDGYMNASE,NOMGYMNASE,ADRESSE,VILLE,SURFACE) VALUES(24,'Moving Club','Bordj El Bahri',(SELECT REF(v) FROM ville v WHERE v.ville ='Bordj El Bahri'),450);
INSERT INTO Gymnases(IDGYMNASE,NOMGYMNASE,ADRESSE,VILLE,SURFACE) VALUES(25,'Tiger gym','Route de Bouchaoui', (SELECT REF(v) FROM ville v WHERE v.ville ='Chéraga'), 620);
INSERT INTO Gymnases(IDGYMNASE,NOMGYMNASE,ADRESSE,VILLE,SURFACE) VALUES(26,'Lion CrossFit','Centre commercial-Mohamadia mall',(SELECT REF(v) FROM ville v WHERE v.ville ='Mohammadia'),600);
INSERT INTO Gymnases(IDGYMNASE,NOMGYMNASE,ADRESSE,VILLE,SURFACE) VALUES(27,'Étoile sportive','Saoula',(SELECT REF(v) FROM ville v WHERE v.ville ='Saoula'),350);
INSERT INTO Gymnases(IDGYMNASE,NOMGYMNASE,ADRESSE,VILLE,SURFACE) VALUES(28,'Fitness life gym','El Harrach',(SELECT REF(v) FROM ville v WHERE v.ville ='El Harrach'),400);


UPDATE Ville
SET ville_gymnases = t_set_ref_gymnases(tgymnase(SELECT * FROM GYMNASES WHERE IDGYMNASE=1))
WHERE Ville.ville = 'Alger centre';

UPDATE Ville
SET ville_gymnases = t_set_ref_gymnases(tgymnase(GYMNASES.IDGYMNASE, GYMNASES.NOMGYMNASE, GYMNASES.ADRESSE, GYMNASES.VILLE, GYMNASES.SURFACE, NULL, NULL))
WHERE Ville.ville = 'Alger centre'
  AND GYMNASES.IDGYMNASE = 1;


  UPDATE Ville
SET ville_gymnases = t_set_ref_gymnases(
  SELECT tgymnase(
    IDGYMNASE,
    NOMGYMNASE,
    ADRESSE,
    REF(VILLE),
    SURFACE,
    GYMNASES_VILLE,
    GYMNASES_SEANCE(IDGYMNASE,IDSPORT,IDSPORTIFENTRAINEUR,JOUR,HORAIRE,DUREE)
  )
  FROM GYMNASES WHERE IDGYMNASE = 1
)
WHERE Ville.ville = 'Alger centre';


ALTER TABLE gymnases DROP COLUMN GYMNASES_VILLE;


UPDATE Ville
SET ville_gymnases = t_set_ref_gymnases(
  (SELECT tgymnase(
      IDGYMNASE,
      NOMGYMNASE,
      ADRESSE,
      VILLE,
      SURFACE,
      GYMNASES_VILLE,
      GYMNASES_SEANCE(IDGYMNASE,IDSPORT,IDSPORTIFENTRAINEUR,JOUR,HORAIRE,DUREE)
    )
    FROM GYMNASES WHERE IDGYMNASE = 1
  )
)
WHERE Ville.ville = 'Alger centre';



SELECT 
      IDGYMNASE,
      NOMGYMNASE,
      ADRESSE,
      VILLE,
      SURFACE,
      GYMNASES_VILLE,
      GYMNASES_SEANCE(IDGYMNASE,IDSPORT,IDSPORTIFENTRAINEUR,JOUR,HORAIRE,DUREE)  
    FROM GYMNASES WHERE IDGYMNASE = 1




INSERT INTO Ville(ville) VALUES('Les sources');
INSERT INTO Ville(ville) VALUES('Belouizdad');
INSERT INTO Ville(ville) VALUES('Sidi Mhamed');
INSERT INTO Ville(ville) VALUES('El Biar');
INSERT INTO Ville(ville) VALUES('El Mouradia');
INSERT INTO Ville(ville) VALUES('Hydra');
INSERT INTO Ville(ville) VALUES('Dely Brahim');
INSERT INTO Ville(ville) VALUES('Kouba');
INSERT INTO Ville(ville) VALUES('Bir Mourad Raïs');
INSERT INTO Ville(ville) VALUES('Birkhadem');
INSERT INTO Ville(ville) VALUES('El Achour');
INSERT INTO Ville(ville) VALUES('Bordj el kiffan');
INSERT INTO Ville(ville) VALUES('Baba hassen');
INSERT INTO Ville(ville) VALUES('Chéraga');
INSERT INTO Ville(ville) VALUES('Alger');
INSERT INTO Ville(ville) VALUES('Hussein Dey');
INSERT INTO Ville(ville) VALUES('Béni Messous');
INSERT INTO Ville(ville) VALUES('Bordj El Bahri');
INSERT INTO Ville(ville) VALUES('Centre commercial-Mohamadia mall');
INSERT INTO Ville(ville) VALUES('Saoula');
INSERT INTO Ville(ville) VALUES('El Harrach');
INSERT INTO Ville(ville) VALUES('Mohammadia');

--lets assume its not bidreiction relationship between gymnaeses and villes

SELECT deref(COLUMN_VALUE) FROM THE(SELECT ville_gymnases from ville WHERE ville='Alger centre') ;

SELECT deref(COLUMN_VALUE) FROM THE(SELECT SPORT_SEANCE from sport WHERE idsport=2) ;

SELECT MAX(deref(COLUMN_VALUE).SURFACE) FROM THE(SELECT ville_gymnases from ville WHERE ville='Alger centre') ;




INSERT INTO Sportif(IDSPORTIF,NOM,PRENOM,SEXE,AGE,IDSPORTIFCONSEILLER) VALUES(1,'BOUTAHAR','Abderahim','M',30,NULL);

INSERT INTO Sportif(IDSPORTIF,NOM,PRENOM,SEXE,AGE,IDSPORTIFCONSEILLER) VALUES(2,'BOUROUBI','Anis','M',28,1);
INSERT INTO Sportif(IDSPORTIF,NOM,PRENOM,SEXE,AGE,IDSPORTIFCONSEILLER) VALUES(3,'BOUZIDI','Amel','F',25,1);
INSERT INTO Sportif(IDSPORTIF,NOM,PRENOM,SEXE,AGE,IDSPORTIFCONSEILLER) VALUES(4,'LACHEMI','Bouzid','M',32,1);
INSERT INTO Sportif(IDSPORTIF,NOM,PRENOM,SEXE,AGE,IDSPORTIFCONSEILLER) VALUES(5,'AAKOUB','Linda','F',22,1);
INSERT INTO Sportif(IDSPORTIF,NOM,PRENOM,SEXE,AGE,IDSPORTIFCONSEILLER) VALUES(6,'ABBAS','Sophia','F',30,3);
INSERT INTO Sportif(IDSPORTIF,NOM,PRENOM,SEXE,AGE,IDSPORTIFCONSEILLER) VALUES(7,'HADJ','Zouhir','M',25,2);
INSERT INTO Sportif(IDSPORTIF,NOM,PRENOM,SEXE,AGE,IDSPORTIFCONSEILLER) VALUES(8,'HAMADI','Hani','m',30,2);
INSERT INTO Sportif(IDSPORTIF,NOM,PRENOM,SEXE,AGE,IDSPORTIFCONSEILLER) VALUES(9,'ABDELMOUMEN','Nadia','F',23,4);
INSERT INTO Sportif(IDSPORTIF,NOM,PRENOM,SEXE,AGE,IDSPORTIFCONSEILLER) VALUES(10,'ABAD','Abdelhamid','M',23,2);
INSERT INTO Sportif(IDSPORTIF,NOM,PRENOM,SEXE,AGE,IDSPORTIFCONSEILLER) VALUES(11,'ABAYAHIA','Amine','M',24,6);
INSERT INTO Sportif(IDSPORTIF,NOM,PRENOM,SEXE,AGE,IDSPORTIFCONSEILLER) VALUES(12,'ABBACI','Riad','M',24,8);
INSERT INTO Sportif(IDSPORTIF,NOM,PRENOM,SEXE,AGE,IDSPORTIFCONSEILLER) VALUES(13,'ABBACI','Mohamed','M',22,4);
INSERT INTO Sportif(IDSPORTIF,NOM,PRENOM,SEXE,AGE,IDSPORTIFCONSEILLER) VALUES(14,'ABDELOUAHAB','Lamia','F',24,1);
INSERT INTO Sportif(IDSPORTIF,NOM,PRENOM,SEXE,AGE,IDSPORTIFCONSEILLER) VALUES(15,'ABDEMEZIANE','Majid','M',25,3);
INSERT INTO Sportif(IDSPORTIF,NOM,PRENOM,SEXE,AGE,IDSPORTIFCONSEILLER) VALUES(16,'BENOUADAH','Lamine','M',24,8);
INSERT INTO Sportif(IDSPORTIF,NOM,PRENOM,SEXE,AGE,IDSPORTIFCONSEILLER) VALUES(17,'ACHAIBOU','Rachid','M',22,7);
INSERT INTO Sportif(IDSPORTIF,NOM,PRENOM,SEXE,AGE,IDSPORTIFCONSEILLER) VALUES(18,'HOSNI','Leila','F',25,5);
INSERT INTO Sportif(IDSPORTIF,NOM,PRENOM,SEXE,AGE,IDSPORTIFCONSEILLER) VALUES(19,'ABERKANE','Adel','M',25,1);
INSERT INTO Sportif(IDSPORTIF,NOM,PRENOM,SEXE,AGE,IDSPORTIFCONSEILLER) VALUES(20,'AZOUG','Racim','M',25,2);
INSERT INTO Sportif(IDSPORTIF,NOM,PRENOM,SEXE,AGE,IDSPORTIFCONSEILLER) VALUES(21,'BABACI','Mourad','M',22,2);
INSERT INTO Sportif(IDSPORTIF,NOM,PRENOM,SEXE,AGE,IDSPORTIFCONSEILLER) VALUES(22,'BAKIR','Ayoub','M',25,3);
INSERT INTO Sportif(IDSPORTIF,NOM,PRENOM,SEXE,AGE,IDSPORTIFCONSEILLER) VALUES(23,'BEHADI','Youcef','M',24,2);
INSERT INTO Sportif(IDSPORTIF,NOM,PRENOM,SEXE,AGE,IDSPORTIFCONSEILLER) VALUES(24,'AMARA','Nassima','F',23,7);
INSERT INTO Sportif(IDSPORTIF,NOM,PRENOM,SEXE,AGE,IDSPORTIFCONSEILLER) VALUES(25,'AROUEL','Lyes','M',23,9);
INSERT INTO Sportif(IDSPORTIF,NOM,PRENOM,SEXE,AGE,IDSPORTIFCONSEILLER) VALUES(26,'BAALI','Leila','F',23,3);
INSERT INTO Sportif(IDSPORTIF,NOM,PRENOM,SEXE,AGE,IDSPORTIFCONSEILLER) VALUES(27,'BADI','Hatem','M',23,7);
INSERT INTO Sportif(IDSPORTIF,NOM,PRENOM,SEXE,AGE,IDSPORTIFCONSEILLER) VALUES(28,'RABAHI','Rabah','M',40,4);
INSERT INTO Sportif(IDSPORTIF,NOM,PRENOM,SEXE,AGE,IDSPORTIFCONSEILLER) VALUES(29,'ROUSSELI','Lamice','F',22,5);
INSERT INTO Sportif(IDSPORTIF,NOM,PRENOM,SEXE,AGE,IDSPORTIFCONSEILLER) VALUES(30,'CHIKHI','Nidal','M',24,4);
INSERT INTO Sportif(IDSPORTIF,NOM,PRENOM,SEXE,AGE,IDSPORTIFCONSEILLER) VALUES(31,'SETIHA','Moustapha','M',22,2);
INSERT INTO Sportif(IDSPORTIF,NOM,PRENOM,SEXE,AGE,IDSPORTIFCONSEILLER) VALUES(32,'COTERI','Daouad','M',23,3);
INSERT INTO Sportif(IDSPORTIF,NOM,PRENOM,SEXE,AGE,IDSPORTIFCONSEILLER) VALUES(33,'RAMELI','Sami','M',23,1);
INSERT INTO Sportif(IDSPORTIF,NOM,PRENOM,SEXE,AGE,IDSPORTIFCONSEILLER) VALUES(34,'LEHIRACHE','Oussama','M',24,3);
INSERT INTO Sportif(IDSPORTIF,NOM,PRENOM,SEXE,AGE,IDSPORTIFCONSEILLER) VALUES(35,'TERIKI','Yacine','M',24,4);
INSERT INTO Sportif(IDSPORTIF,NOM,PRENOM,SEXE,AGE,IDSPORTIFCONSEILLER) VALUES(36,'DJELOUDANE','Zinedine','M',28,1);
INSERT INTO Sportif(IDSPORTIF,NOM,PRENOM,SEXE,AGE,IDSPORTIFCONSEILLER) VALUES(37,'LAZARI','Malika','F',25,44);
INSERT INTO Sportif(IDSPORTIF,NOM,PRENOM,SEXE,AGE,IDSPORTIFCONSEILLER) VALUES(38,'MESSOUNI','Ismail','M',24,1);
INSERT INTO Sportif(IDSPORTIF,NOM,PRENOM,SEXE,AGE,IDSPORTIFCONSEILLER) VALUES(39,'MORELI','Otheman','M',24,8);
INSERT INTO Sportif(IDSPORTIF,NOM,PRENOM,SEXE,AGE,IDSPORTIFCONSEILLER) VALUES(40,'FATAHI','Majid','M',23,2);
INSERT INTO Sportif(IDSPORTIF,NOM,PRENOM,SEXE,AGE,IDSPORTIFCONSEILLER) VALUES(41,'DELHOUME','Elina','F',22,7);
INSERT INTO Sportif(IDSPORTIF,NOM,PRENOM,SEXE,AGE,IDSPORTIFCONSEILLER) VALUES(42,'BEHADI','Nadir','M',23,5);
INSERT INTO Sportif(IDSPORTIF,NOM,PRENOM,SEXE,AGE,IDSPORTIFCONSEILLER) VALUES(43,'MATI','Dalia','F',23,6);
INSERT INTO Sportif(IDSPORTIF,NOM,PRENOM,SEXE,AGE,IDSPORTIFCONSEILLER) VALUES(44,'ADIBOU','Ibrahim','M',28,21);
INSERT INTO Sportif(IDSPORTIF,NOM,PRENOM,SEXE,AGE,IDSPORTIFCONSEILLER) VALUES(45,'CHALI','Karim','M',25,NULL);
INSERT INTO Sportif(IDSPORTIF,NOM,PRENOM,SEXE,AGE,IDSPORTIFCONSEILLER) VALUES(46,'DOUDOU','Islam','M',24,4);
INSERT INTO Sportif(IDSPORTIF,NOM,PRENOM,SEXE,AGE,IDSPORTIFCONSEILLER) VALUES(47,'Grine','Célina','F',25,2);
INSERT INTO Sportif(IDSPORTIF,NOM,PRENOM,SEXE,AGE,IDSPORTIFCONSEILLER) VALUES(48,'HEDDI','Zohra','F',23,2);
INSERT INTO Sportif(IDSPORTIF,NOM,PRENOM,SEXE,AGE,IDSPORTIFCONSEILLER) VALUES(49,'JADI','Sandra','F',24,5);
INSERT INTO Sportif(IDSPORTIF,NOM,PRENOM,SEXE,AGE,IDSPORTIFCONSEILLER) VALUES(50,'KALI','Yasser','M',22,2);
INSERT INTO Sportif(IDSPORTIF,NOM,PRENOM,SEXE,AGE,IDSPORTIFCONSEILLER) VALUES(51,'LAJEL','Fouad','M',24,5);
INSERT INTO Sportif(IDSPORTIF,NOM,PRENOM,SEXE,AGE,IDSPORTIFCONSEILLER) VALUES(52,'DANDOUR','Rami','M',22,5);
INSERT INTO Sportif(IDSPORTIF,NOM,PRENOM,SEXE,AGE,IDSPORTIFCONSEILLER) VALUES(53,'DEMMERA','Houcine','M',22,1);
INSERT INTO Sportif(IDSPORTIF,NOM,PRENOM,SEXE,AGE,IDSPORTIFCONSEILLER) VALUES(54,'ELKABBADJ','Mohammed','M',23,2);
INSERT INTO Sportif(IDSPORTIF,NOM,PRENOM,SEXE,AGE,IDSPORTIFCONSEILLER) VALUES(55,'FEROLI','Omer','M',23,2);
INSERT INTO Sportif(IDSPORTIF,NOM,PRENOM,SEXE,AGE,IDSPORTIFCONSEILLER) VALUES(56,'GUERRAOUI','Zohra','F',25,1);
INSERT INTO Sportif(IDSPORTIF,NOM,PRENOM,SEXE,AGE,IDSPORTIFCONSEILLER) VALUES(57,'BOUACHA','Aziz','M',25,1);
INSERT INTO Sportif(IDSPORTIF,NOM,PRENOM,SEXE,AGE,IDSPORTIFCONSEILLER) VALUES(58,'GUITENI','Adam','M',23,4);
INSERT INTO Sportif(IDSPORTIF,NOM,PRENOM,SEXE,AGE,IDSPORTIFCONSEILLER) VALUES(59,'KACI','Samia','F',23,NULL);
INSERT INTO Sportif(IDSPORTIF,NOM,PRENOM,SEXE,AGE,IDSPORTIFCONSEILLER) VALUES(60,'TIZEGHAT','Badis','M',32,3);
INSERT INTO Sportif(IDSPORTIF,NOM,PRENOM,SEXE,AGE,IDSPORTIFCONSEILLER) VALUES(61,'LAZARRI','Jamel','M',27,7);
INSERT INTO Sportif(IDSPORTIF,NOM,PRENOM,SEXE,AGE,IDSPORTIFCONSEILLER) VALUES(62,'BAZOUDI','Jaouad','M',32,3);
INSERT INTO Sportif(IDSPORTIF,NOM,PRENOM,SEXE,AGE,IDSPORTIFCONSEILLER) VALUES(63,'AMANI','Fadi','M',30,1);
INSERT INTO Sportif(IDSPORTIF,NOM,PRENOM,SEXE,AGE,IDSPORTIFCONSEILLER) VALUES(64,'LANORI','Faiza','F',30,2);
INSERT INTO Sportif(IDSPORTIF,NOM,PRENOM,SEXE,AGE,IDSPORTIFCONSEILLER) VALUES(65,'CHAADI','Mourad','M',30,NULL);
INSERT INTO Sportif(IDSPORTIF,NOM,PRENOM,SEXE,AGE,IDSPORTIFCONSEILLER) VALUES(66,'DANDANE','Mohamed','M',30,2);
INSERT INTO Sportif(IDSPORTIF,NOM,PRENOM,SEXE,AGE,IDSPORTIFCONSEILLER) VALUES(67,'FATTIMI','Dalila','F',26,2);
INSERT INTO Sportif(IDSPORTIF,NOM,PRENOM,SEXE,AGE,IDSPORTIFCONSEILLER) VALUES(68,'REGHI','Jazia','F',30,2);
INSERT INTO Sportif(IDSPORTIF,NOM,PRENOM,SEXE,AGE,IDSPORTIFCONSEILLER) VALUES(69,'MARADI','Hadjer','F',25,7);
INSERT INTO Sportif(IDSPORTIF,NOM,PRENOM,SEXE,AGE,IDSPORTIFCONSEILLER) VALUES(70,'BELMADI','Nadji','M',30,9);
INSERT INTO Sportif(IDSPORTIF,NOM,PRENOM,SEXE,AGE,IDSPORTIFCONSEILLER) VALUES(71,'DELAROCHI','Racim','M',30,8);
INSERT INTO Sportif(IDSPORTIF,NOM,PRENOM,SEXE,AGE,IDSPORTIFCONSEILLER) VALUES(72,'MARTALI','Bouzid','M',22,8);
INSERT INTO Sportif(IDSPORTIF,NOM,PRENOM,SEXE,AGE,IDSPORTIFCONSEILLER) VALUES(73,'DALLIMI','Douad','M',30,6);
INSERT INTO Sportif(IDSPORTIF,NOM,PRENOM,SEXE,AGE,IDSPORTIFCONSEILLER) VALUES(74,'OUBACHA','Adel','M',30,5);
INSERT INTO Sportif(IDSPORTIF,NOM,PRENOM,SEXE,AGE,IDSPORTIFCONSEILLER) VALUES(75,'SAADI','Nihal','F',39,1);
INSERT INTO Sportif(IDSPORTIF,NOM,PRENOM,SEXE,AGE,IDSPORTIFCONSEILLER) VALUES(76,'HALGATTI','Camelia','F',30,21);
INSERT INTO Sportif(IDSPORTIF,NOM,PRENOM,SEXE,AGE,IDSPORTIFCONSEILLER) VALUES(77,'HIDDOUCI','Farid','M',30,1);
INSERT INTO Sportif(IDSPORTIF,NOM,PRENOM,SEXE,AGE,IDSPORTIFCONSEILLER) VALUES(78,'CHAOUAH','Jamel','M',30,NULL);
INSERT INTO Sportif(IDSPORTIF,NOM,PRENOM,SEXE,AGE,IDSPORTIFCONSEILLER) VALUES(79,'HANDI','Jaouad','M',30,2);
INSERT INTO Sportif(IDSPORTIF,NOM,PRENOM,SEXE,AGE,IDSPORTIFCONSEILLER) VALUES(80,'HOCHET','Ramezi','M',30,1);
INSERT INTO Sportif(IDSPORTIF,NOM,PRENOM,SEXE,AGE,IDSPORTIFCONSEILLER) VALUES(81,'DROULLONI','Jaouida','F',30,1);
INSERT INTO Sportif(IDSPORTIF,NOM,PRENOM,SEXE,AGE,IDSPORTIFCONSEILLER) VALUES(82,'HOULEMI','Lyes','M',40,14);
INSERT INTO Sportif(IDSPORTIF,NOM,PRENOM,SEXE,AGE,IDSPORTIFCONSEILLER) VALUES(83,'LOUATI','Ahmed','M',30,4);
INSERT INTO Sportif(IDSPORTIF,NOM,PRENOM,SEXE,AGE,IDSPORTIFCONSEILLER) VALUES(84,'SALLADj','Miloud','M',28,2);
INSERT INTO Sportif(IDSPORTIF,NOM,PRENOM,SEXE,AGE,IDSPORTIFCONSEILLER) VALUES(85,'HAMARI','Anes','M',30,2);
INSERT INTO Sportif(IDSPORTIF,NOM,PRENOM,SEXE,AGE,IDSPORTIFCONSEILLER) VALUES(86,'GALLOTI','Boualem','M',30,2);
INSERT INTO Sportif(IDSPORTIF,NOM,PRENOM,SEXE,AGE,IDSPORTIFCONSEILLER) VALUES(87,'KASBADJI','Fateh','M',30,2);
INSERT INTO Sportif(IDSPORTIF,NOM,PRENOM,SEXE,AGE,IDSPORTIFCONSEILLER) VALUES(88,'JENOURI','Rachid','M',30,8);
INSERT INTO Sportif(IDSPORTIF,NOM,PRENOM,SEXE,AGE,IDSPORTIFCONSEILLER) VALUES(89,'RIHABI','Jamel','M',30,NULL);
INSERT INTO Sportif(IDSPORTIF,NOM,PRENOM,SEXE,AGE,IDSPORTIFCONSEILLER) VALUES(90,'DERARNI','Nadir','M',30,2);
INSERT INTO Sportif(IDSPORTIF,NOM,PRENOM,SEXE,AGE,IDSPORTIFCONSEILLER) VALUES(91,'BATERAOUI','Zinedine','M',30,98);
INSERT INTO Sportif(IDSPORTIF,NOM,PRENOM,SEXE,AGE,IDSPORTIFCONSEILLER) VALUES(92,'HADJI','Jamel','M',22,5);
INSERT INTO Sportif(IDSPORTIF,NOM,PRENOM,SEXE,AGE,IDSPORTIFCONSEILLER) VALUES(93,'CAUCHARDI','Nabil','M',30,2);
INSERT INTO Sportif(IDSPORTIF,NOM,PRENOM,SEXE,AGE,IDSPORTIFCONSEILLER) VALUES(94,'LEROUDI','Moussa','M',36,4);
INSERT INTO Sportif(IDSPORTIF,NOM,PRENOM,SEXE,AGE,IDSPORTIFCONSEILLER) VALUES(95,'ESTANBOULI','Mazine','M',30,2);
INSERT INTO Sportif(IDSPORTIF,NOM,PRENOM,SEXE,AGE,IDSPORTIFCONSEILLER) VALUES(96,'JANID','Lamine','M',30,2);
INSERT INTO Sportif(IDSPORTIF,NOM,PRENOM,SEXE,AGE,IDSPORTIFCONSEILLER) VALUES(97,'BONHOMMANE','Bassim','M',30,NULL);
INSERT INTO Sportif(IDSPORTIF,NOM,PRENOM,SEXE,AGE,IDSPORTIFCONSEILLER) VALUES(98,'RIADI','Walid','M',30,2);
INSERT INTO Sportif(IDSPORTIF,NOM,PRENOM,SEXE,AGE,IDSPORTIFCONSEILLER) VALUES(99,'BONETI','Djalal','M',32,NULL);
INSERT INTO Sportif(IDSPORTIF,NOM,PRENOM,SEXE,AGE,IDSPORTIFCONSEILLER) VALUES(100,'LESOIFI','Djamil','M',30,9);
INSERT INTO Sportif(IDSPORTIF,NOM,PRENOM,SEXE,AGE,IDSPORTIFCONSEILLER) VALUES(101,'SWAMI','Esslam','M',30,5);
INSERT INTO Sportif(IDSPORTIF,NOM,PRENOM,SEXE,AGE,IDSPORTIFCONSEILLER) VALUES(102,'DAOUDI','Adel','M',30,2);
INSERT INTO Sportif(IDSPORTIF,NOM,PRENOM,SEXE,AGE,IDSPORTIFCONSEILLER) VALUES(103,'LAAMOURI','Nasssim','M',30,4);
INSERT INTO Sportif(IDSPORTIF,NOM,PRENOM,SEXE,AGE,IDSPORTIFCONSEILLER) VALUES(104,'SEHIER','Dihia','F',30,1);
INSERT INTO Sportif(IDSPORTIF,NOM,PRENOM,SEXE,AGE,IDSPORTIFCONSEILLER) VALUES(105,'STITOUAH','Fouad','M',30,3);
INSERT INTO Sportif(IDSPORTIF,NOM,PRENOM,SEXE,AGE,IDSPORTIFCONSEILLER) VALUES(106,'BAADI','Hani','M',30,1);
INSERT INTO Sportif(IDSPORTIF,NOM,PRENOM,SEXE,AGE,IDSPORTIFCONSEILLER) VALUES(107,'BOURAS','Nazim','M',30,9);
INSERT INTO Sportif(IDSPORTIF,NOM,PRENOM,SEXE,AGE,IDSPORTIFCONSEILLER) VALUES(108,'AIT AMARA','Salim','M',30,4);
INSERT INTO Sportif(IDSPORTIF,NOM,PRENOM,SEXE,AGE,IDSPORTIFCONSEILLER) VALUES(109,'SAGOU','Bassel','M',30,5);
INSERT INTO Sportif(IDSPORTIF,NOM,PRENOM,SEXE,AGE,IDSPORTIFCONSEILLER) VALUES(110,'ROULLADI','Aissa','M',30,4);
INSERT INTO Sportif(IDSPORTIF,NOM,PRENOM,SEXE,AGE,IDSPORTIFCONSEILLER) VALUES(111,'BOUTINE','Mohamed','M',30,8);
INSERT INTO Sportif(IDSPORTIF,NOM,PRENOM,SEXE,AGE,IDSPORTIFCONSEILLER) VALUES(112,'LOUATI','Islam','M',30,2);
INSERT INTO Sportif(IDSPORTIF,NOM,PRENOM,SEXE,AGE,IDSPORTIFCONSEILLER) VALUES(113,'AID','Naim','M',30,2);
INSERT INTO Sportif(IDSPORTIF,NOM,PRENOM,SEXE,AGE,IDSPORTIFCONSEILLER) VALUES(114,'MICHALIKH','Asma','F',22,5);
INSERT INTO Sportif(IDSPORTIF,NOM,PRENOM,SEXE,AGE,IDSPORTIFCONSEILLER) VALUES(115,'LEMOUSSI','Amine','M',30,1);
INSERT INTO Sportif(IDSPORTIF,NOM,PRENOM,SEXE,AGE,IDSPORTIFCONSEILLER) VALUES(116,'BELIFA','Samia','F',30,8);
INSERT INTO Sportif(IDSPORTIF,NOM,PRENOM,SEXE,AGE,IDSPORTIFCONSEILLER) VALUES(117,'FERRIRA','Manel','F',30,2);
INSERT INTO Sportif(IDSPORTIF,NOM,PRENOM,SEXE,AGE,IDSPORTIFCONSEILLER) VALUES(118,'IGHOLI','Lyes','M',30,2);
INSERT INTO Sportif(IDSPORTIF,NOM,PRENOM,SEXE,AGE,IDSPORTIFCONSEILLER) VALUES(119,'GUEMEZ','Jaouad','M',30,1);
INSERT INTO Sportif(IDSPORTIF,NOM,PRENOM,SEXE,AGE,IDSPORTIFCONSEILLER) VALUES(120,'LECOM','Aissa','M',30,6);
INSERT INTO Sportif(IDSPORTIF,NOM,PRENOM,SEXE,AGE,IDSPORTIFCONSEILLER) VALUES(121,'HOUAT','Aziz','M',30,5);
INSERT INTO Sportif(IDSPORTIF,NOM,PRENOM,SEXE,AGE,IDSPORTIFCONSEILLER) VALUES(122,'BEQUETA','Aicha','F',30,6);
INSERT INTO Sportif(IDSPORTIF,NOM,PRENOM,SEXE,AGE,IDSPORTIFCONSEILLER) VALUES(123,'RATENI','Walid','M',30,6);
INSERT INTO Sportif(IDSPORTIF,NOM,PRENOM,SEXE,AGE,IDSPORTIFCONSEILLER) VALUES(124,'TOUAT','Yasmine','F',30,2);
INSERT INTO Sportif(IDSPORTIF,NOM,PRENOM,SEXE,AGE,IDSPORTIFCONSEILLER) VALUES(125,'JALONI','Aimad','M',30,2);
INSERT INTO Sportif(IDSPORTIF,NOM,PRENOM,SEXE,AGE,IDSPORTIFCONSEILLER) VALUES(126,'DEBOUBA','yasser','M',30,5);
INSERT INTO Sportif(IDSPORTIF,NOM,PRENOM,SEXE,AGE,IDSPORTIFCONSEILLER) VALUES(127,'GASTAB','Chouaib','M',30,2);
INSERT INTO Sportif(IDSPORTIF,NOM,PRENOM,SEXE,AGE,IDSPORTIFCONSEILLER) VALUES(128,'GIRONI','Younes','M',30,1);
INSERT INTO Sportif(IDSPORTIF,NOM,PRENOM,SEXE,AGE,IDSPORTIFCONSEILLER) VALUES(129,'DABONI','Rachid','M',30,3);
INSERT INTO Sportif(IDSPORTIF,NOM,PRENOM,SEXE,AGE,IDSPORTIFCONSEILLER) VALUES(130,'LACHOUBI','Kamel','M',30,5);
INSERT INTO Sportif(IDSPORTIF,NOM,PRENOM,SEXE,AGE,IDSPORTIFCONSEILLER) VALUES(131,'GALLOI','Nadira','F',30,2);
INSERT INTO Sportif(IDSPORTIF,NOM,PRENOM,SEXE,AGE,IDSPORTIFCONSEILLER) VALUES(132,'DORONI','Yanis','M',30,1);
INSERT INTO Sportif(IDSPORTIF,NOM,PRENOM,SEXE,AGE,IDSPORTIFCONSEILLER) VALUES(133,'LENOUCHI','Youcef','M',30,2);
INSERT INTO Sportif(IDSPORTIF,NOM,PRENOM,SEXE,AGE,IDSPORTIFCONSEILLER) VALUES(134,'LERICHE','Hadi','M',30,5);
INSERT INTO Sportif(IDSPORTIF,NOM,PRENOM,SEXE,AGE,IDSPORTIFCONSEILLER) VALUES(135,'MANSOUR','Lamine','M',30,4);
INSERT INTO Sportif(IDSPORTIF,NOM,PRENOM,SEXE,AGE,IDSPORTIFCONSEILLER) VALUES(136,'LABOULAIS','Fadia','F',26,2);
INSERT INTO Sportif(IDSPORTIF,NOM,PRENOM,SEXE,AGE,IDSPORTIFCONSEILLER) VALUES(137,'DOUDOU','Faiza','F',26,2);
INSERT INTO Sportif(IDSPORTIF,NOM,PRENOM,SEXE,AGE,IDSPORTIFCONSEILLER) VALUES(138,'MAALEM','Lamia','F',26,1);
INSERT INTO Sportif(IDSPORTIF,NOM,PRENOM,SEXE,AGE,IDSPORTIFCONSEILLER) VALUES(139,'BESNARD','Salma','F',26,4);
INSERT INTO Sportif(IDSPORTIF,NOM,PRENOM,SEXE,AGE,IDSPORTIFCONSEILLER) VALUES(140,'BELHAMID','Hadjer','F',26,7);
INSERT INTO Sportif(IDSPORTIF,NOM,PRENOM,SEXE,AGE,IDSPORTIFCONSEILLER) VALUES(141,'BOUAAZA','Asma','F',26,5);
INSERT INTO Sportif(IDSPORTIF,NOM,PRENOM,SEXE,AGE,IDSPORTIFCONSEILLER) VALUES(142,'CORCHI','Melissa','F',26,1);
INSERT INTO Sportif(IDSPORTIF,NOM,PRENOM,SEXE,AGE,IDSPORTIFCONSEILLER) VALUES(143,'BELAID','Jaouida','F',26,5);
INSERT INTO Sportif(IDSPORTIF,NOM,PRENOM,SEXE,AGE,IDSPORTIFCONSEILLER) VALUES(144,'GASMI','Souad','F',26,2);
INSERT INTO Sportif(IDSPORTIF,NOM,PRENOM,SEXE,AGE,IDSPORTIFCONSEILLER) VALUES(145,'LAAMARA','Maria','F',25,2);
INSERT INTO Sportif(IDSPORTIF,NOM,PRENOM,SEXE,AGE,IDSPORTIFCONSEILLER) VALUES(146,'DABOUB','Ramezi','M',25,3);
INSERT INTO Sportif(IDSPORTIF,NOM,PRENOM,SEXE,AGE,IDSPORTIFCONSEILLER) VALUES(147,'HASSINI','Nadia','F',25,2);
INSERT INTO Sportif(IDSPORTIF,NOM,PRENOM,SEXE,AGE,IDSPORTIFCONSEILLER) VALUES(148,'KALOUNE','Maria','F',27,1);
INSERT INTO Sportif(IDSPORTIF,NOM,PRENOM,SEXE,AGE,IDSPORTIFCONSEILLER) VALUES(149,'BELHAOUA','Besma','F',27,7);
INSERT INTO Sportif(IDSPORTIF,NOM,PRENOM,SEXE,AGE,IDSPORTIFCONSEILLER) VALUES(150,'BELAID','Fouad','M',25,2);
INSERT INTO Sportif(IDSPORTIF,NOM,PRENOM,SEXE,AGE,IDSPORTIFCONSEILLER) VALUES(151,'HENDI','Mouad','M',25,2);



INSERT INTO Sportif(IDSPORTIF,NOM,PRENOM,SEXE,AGE,IDSPORTIFCONSEILLER) VALUES(1,'BOUTAHAR','Abderahim','M',30,NULL);

UPDATE SPORTIF SET CONSULTANT_SPORTIFS=(SELECT IDSPORTIF,NOM,PRENOM,SEXE,AGE,IDSPORTIFCONSEILLER FROM SPORTIF WHERE IDSPORTIF=1)WHERE IDSPORTIF=1;


UPDATE THE(SELECT CONSULTANT_SPORTIFS FROM SPORTIF WHERE IDSPORTIF=1)NESTAB SET NESTAB=



UPDATE Ville v
SET v.ville_gymnases = CAST(MULTISET(
    SELECT REF(g)
    FROM gymnases g
    WHERE g.ville.ville = v.ville
) AS t_set_ref_gymnases);


UPDATE SPORTIF S
SET S.CONSULTANT_SPORTIFS =CAST(MULTISET(
    SELECT REF(SP)
    FROM SPORTIF SP
    WHERE SP.idsportifconseiller=S.idsportif
)AS t_set_ref_sportif);



INSERT INTO Seance(IDGYMNASE,IDSPORT,IDSPORTIFENTRAINEUR,JOUR,HORAIRE,DUREE) VALUES(1,1,149,'Samedi',9.0,60);
INSERT INTO Seance(IDGYMNASE,IDSPORT,IDSPORTIFENTRAINEUR,JOUR,HORAIRE,DUREE) VALUES(1,3,1,'Lundi',9.0,60);
INSERT INTO Seance(IDGYMNASE,IDSPORT,IDSPORTIFENTRAINEUR,JOUR,HORAIRE,DUREE) VALUES(1,3,1,'Lundi',10.0,60);
INSERT INTO Seance(IDGYMNASE,IDSPORT,IDSPORTIFENTRAINEUR,JOUR,HORAIRE,DUREE) VALUES(1,3,1,'Lundi',11.3,60);
INSERT INTO Seance(IDGYMNASE,IDSPORT,IDSPORTIFENTRAINEUR,JOUR,HORAIRE,DUREE) VALUES(1,3,1,'Lundi',14.0,90);
INSERT INTO Seance(IDGYMNASE,IDSPORT,IDSPORTIFENTRAINEUR,JOUR,HORAIRE,DUREE) VALUES(1,3,1,'Lundi',17.3,120);
INSERT INTO Seance(IDGYMNASE,IDSPORT,IDSPORTIFENTRAINEUR,JOUR,HORAIRE,DUREE) VALUES(1,3,1,'Lundi',19.3,120);
INSERT INTO Seance(IDGYMNASE,IDSPORT,IDSPORTIFENTRAINEUR,JOUR,HORAIRE,DUREE) VALUES(1,3,2,'Dimanche',17.3,120);
INSERT INTO Seance(IDGYMNASE,IDSPORT,IDSPORTIFENTRAINEUR,JOUR,HORAIRE,DUREE) VALUES(1,3,2,'Dimanche',19.3,120);
INSERT INTO Seance(IDGYMNASE,IDSPORT,IDSPORTIFENTRAINEUR,JOUR,HORAIRE,DUREE) VALUES(1,3,2,'Mardi',17.3,120);
INSERT INTO Seance(IDGYMNASE,IDSPORT,IDSPORTIFENTRAINEUR,JOUR,HORAIRE,DUREE) VALUES(1,3,2,'Mercredi',17.3,120);
INSERT INTO Seance(IDGYMNASE,IDSPORT,IDSPORTIFENTRAINEUR,JOUR,HORAIRE,DUREE) VALUES(1,3,2,'Samedi',15.3,60);
INSERT INTO Seance(IDGYMNASE,IDSPORT,IDSPORTIFENTRAINEUR,JOUR,HORAIRE,DUREE) VALUES(1,3,2,'Samedi',16.3,60);
INSERT INTO Seance(IDGYMNASE,IDSPORT,IDSPORTIFENTRAINEUR,JOUR,HORAIRE,DUREE) VALUES(1,3,2,'Samedi',17.3,120);
INSERT INTO Seance(IDGYMNASE,IDSPORT,IDSPORTIFENTRAINEUR,JOUR,HORAIRE,DUREE) VALUES(1,3,3,'Jeudi',20.0,30);
INSERT INTO Seance(IDGYMNASE,IDSPORT,IDSPORTIFENTRAINEUR,JOUR,HORAIRE,DUREE) VALUES(1,3,3,'Lundi',14.0,60);
INSERT INTO Seance(IDGYMNASE,IDSPORT,IDSPORTIFENTRAINEUR,JOUR,HORAIRE,DUREE) VALUES(1,3,3,'Lundi',18.0,30);
INSERT INTO Seance(IDGYMNASE,IDSPORT,IDSPORTIFENTRAINEUR,JOUR,HORAIRE,DUREE) VALUES(1,3,3,'Lundi',19.0,30);
INSERT INTO Seance(IDGYMNASE,IDSPORT,IDSPORTIFENTRAINEUR,JOUR,HORAIRE,DUREE) VALUES(1,3,3,'Lundi',20.0,30);
INSERT INTO Seance(IDGYMNASE,IDSPORT,IDSPORTIFENTRAINEUR,JOUR,HORAIRE,DUREE) VALUES(1,5,7,'Mercredi',17.0,90);
INSERT INTO Seance(IDGYMNASE,IDSPORT,IDSPORTIFENTRAINEUR,JOUR,HORAIRE,DUREE) VALUES(2,2,57,'Dimanche',17.0,60);
INSERT INTO Seance(IDGYMNASE,IDSPORT,IDSPORTIFENTRAINEUR,JOUR,HORAIRE,DUREE) VALUES(3,1,149,'Mercredi',11.0,30);
INSERT INTO Seance(IDGYMNASE,IDSPORT,IDSPORTIFENTRAINEUR,JOUR,HORAIRE,DUREE) VALUES(3,2,57,'Lundi',16.3,90);
INSERT INTO Seance(IDGYMNASE,IDSPORT,IDSPORTIFENTRAINEUR,JOUR,HORAIRE,DUREE) VALUES(3,2,60,'Jeudi',19.0,60);
INSERT INTO Seance(IDGYMNASE,IDSPORT,IDSPORTIFENTRAINEUR,JOUR,HORAIRE,DUREE) VALUES(4,1,149,'Vendredi',10.0,30);
INSERT INTO Seance(IDGYMNASE,IDSPORT,IDSPORTIFENTRAINEUR,JOUR,HORAIRE,DUREE) VALUES(4,5,6,'Mercredi',19.0,60);
INSERT INTO Seance(IDGYMNASE,IDSPORT,IDSPORTIFENTRAINEUR,JOUR,HORAIRE,DUREE) VALUES(5,2,57,'Lundi',16.3,90);
INSERT INTO Seance(IDGYMNASE,IDSPORT,IDSPORTIFENTRAINEUR,JOUR,HORAIRE,DUREE) VALUES(5,5,6,'Jeudi',19.0,60);
INSERT INTO Seance(IDGYMNASE,IDSPORT,IDSPORTIFENTRAINEUR,JOUR,HORAIRE,DUREE) VALUES(6,5,6,'Vendredi',19.0,60);
INSERT INTO Seance(IDGYMNASE,IDSPORT,IDSPORTIFENTRAINEUR,JOUR,HORAIRE,DUREE) VALUES(6,5,7,'jeudi',17.0,90);
INSERT INTO Seance(IDGYMNASE,IDSPORT,IDSPORTIFENTRAINEUR,JOUR,HORAIRE,DUREE) VALUES(8,2,57,'Dimanche',17.0,60);
INSERT INTO Seance(IDGYMNASE,IDSPORT,IDSPORTIFENTRAINEUR,JOUR,HORAIRE,DUREE) VALUES(8,2,57,'Lundi',16.3,90);
INSERT INTO Seance(IDGYMNASE,IDSPORT,IDSPORTIFENTRAINEUR,JOUR,HORAIRE,DUREE) VALUES(8,2,60,'Vendredi',19.0,60);
INSERT INTO Seance(IDGYMNASE,IDSPORT,IDSPORTIFENTRAINEUR,JOUR,HORAIRE,DUREE) VALUES(8,5,7,'Samedi',17.0,90);
INSERT INTO Seance(IDGYMNASE,IDSPORT,IDSPORTIFENTRAINEUR,JOUR,HORAIRE,DUREE) VALUES(8,5,7,'Vendredi',14.0,120);
INSERT INTO Seance(IDGYMNASE,IDSPORT,IDSPORTIFENTRAINEUR,JOUR,HORAIRE,DUREE) VALUES(9,5,6,'Samedi',19.0,60);
INSERT INTO Seance(IDGYMNASE,IDSPORT,IDSPORTIFENTRAINEUR,JOUR,HORAIRE,DUREE) VALUES(10,2,60,'Samedi',19.0,60);
INSERT INTO Seance(IDGYMNASE,IDSPORT,IDSPORTIFENTRAINEUR,JOUR,HORAIRE,DUREE) VALUES(10,5,6,'Dimanche',19.0,60);
INSERT INTO Seance(IDGYMNASE,IDSPORT,IDSPORTIFENTRAINEUR,JOUR,HORAIRE,DUREE) VALUES(10,5,7,'Dimanche',17.0,90);
INSERT INTO Seance(IDGYMNASE,IDSPORT,IDSPORTIFENTRAINEUR,JOUR,HORAIRE,DUREE) VALUES(12,2,57,'Dimanche',17.0,60);
INSERT INTO Seance(IDGYMNASE,IDSPORT,IDSPORTIFENTRAINEUR,JOUR,HORAIRE,DUREE) VALUES(13,2,60,'Dimanche',19.0,60);
INSERT INTO Seance(IDGYMNASE,IDSPORT,IDSPORTIFENTRAINEUR,JOUR,HORAIRE,DUREE) VALUES(13,5,6,'Mercredi',20.0,60);
INSERT INTO Seance(IDGYMNASE,IDSPORT,IDSPORTIFENTRAINEUR,JOUR,HORAIRE,DUREE) VALUES(13,5,7,'Lundi',17.0,90);
INSERT INTO Seance(IDGYMNASE,IDSPORT,IDSPORTIFENTRAINEUR,JOUR,HORAIRE,DUREE) VALUES(14,1,149,'Mardi',10.0,60);
INSERT INTO Seance(IDGYMNASE,IDSPORT,IDSPORTIFENTRAINEUR,JOUR,HORAIRE,DUREE) VALUES(14,2,57,'Dimanche',17.0,60);
INSERT INTO Seance(IDGYMNASE,IDSPORT,IDSPORTIFENTRAINEUR,JOUR,HORAIRE,DUREE) VALUES(15,2,57,'Lundi',16.3,90);
INSERT INTO Seance(IDGYMNASE,IDSPORT,IDSPORTIFENTRAINEUR,JOUR,HORAIRE,DUREE) VALUES(16,2,57,'Lundi',16.3,90);
INSERT INTO Seance(IDGYMNASE,IDSPORT,IDSPORTIFENTRAINEUR,JOUR,HORAIRE,DUREE) VALUES(16,2,60,'Lundi',17.0,60);
INSERT INTO Seance(IDGYMNASE,IDSPORT,IDSPORTIFENTRAINEUR,JOUR,HORAIRE,DUREE) VALUES(16,2,60,'Lundi',18.0,60);
INSERT INTO Seance(IDGYMNASE,IDSPORT,IDSPORTIFENTRAINEUR,JOUR,HORAIRE,DUREE) VALUES(16,2,60,'lundi',19.0,60);
INSERT INTO Seance(IDGYMNASE,IDSPORT,IDSPORTIFENTRAINEUR,JOUR,HORAIRE,DUREE) VALUES(16,2,60,'Lundi',20.0,60);
INSERT INTO Seance(IDGYMNASE,IDSPORT,IDSPORTIFENTRAINEUR,JOUR,HORAIRE,DUREE) VALUES(16,5,6,'Mercredi',19.0,60);
INSERT INTO Seance(IDGYMNASE,IDSPORT,IDSPORTIFENTRAINEUR,JOUR,HORAIRE,DUREE) VALUES(17,2,3,'Samedi',17.3,120);
INSERT INTO Seance(IDGYMNASE,IDSPORT,IDSPORTIFENTRAINEUR,JOUR,HORAIRE,DUREE) VALUES(17,2,3,'Vendredi',17.3,120);
INSERT INTO Seance(IDGYMNASE,IDSPORT,IDSPORTIFENTRAINEUR,JOUR,HORAIRE,DUREE) VALUES(17,2,57,'Dimanche',17.0,60);
INSERT INTO Seance(IDGYMNASE,IDSPORT,IDSPORTIFENTRAINEUR,JOUR,HORAIRE,DUREE) VALUES(17,3,3,'Dimanche',18.0,30);
INSERT INTO Seance(IDGYMNASE,IDSPORT,IDSPORTIFENTRAINEUR,JOUR,HORAIRE,DUREE) VALUES(17,3,3,'Mardi',20.0,30);
INSERT INTO Seance(IDGYMNASE,IDSPORT,IDSPORTIFENTRAINEUR,JOUR,HORAIRE,DUREE) VALUES(17,5,7,'Mardi',17.0,90);
INSERT INTO Seance(IDGYMNASE,IDSPORT,IDSPORTIFENTRAINEUR,JOUR,HORAIRE,DUREE) VALUES(18,2,57,'Lundi',16.3,90);
INSERT INTO Seance(IDGYMNASE,IDSPORT,IDSPORTIFENTRAINEUR,JOUR,HORAIRE,DUREE) VALUES(18,2,60,'Mardi',19.0,60);
INSERT INTO Seance(IDGYMNASE,IDSPORT,IDSPORTIFENTRAINEUR,JOUR,HORAIRE,DUREE) VALUES(18,5,7,'Mercredi',14.0,120);
INSERT INTO Seance(IDGYMNASE,IDSPORT,IDSPORTIFENTRAINEUR,JOUR,HORAIRE,DUREE) VALUES(18,5,7,'Mercredi',16.0,90);
INSERT INTO Seance(IDGYMNASE,IDSPORT,IDSPORTIFENTRAINEUR,JOUR,HORAIRE,DUREE) VALUES(19,2,57,'Dimanche',17.0,60);
INSERT INTO Seance(IDGYMNASE,IDSPORT,IDSPORTIFENTRAINEUR,JOUR,HORAIRE,DUREE) VALUES(20,5,6,'Mercredi',19.0,60);
INSERT INTO Seance(IDGYMNASE,IDSPORT,IDSPORTIFENTRAINEUR,JOUR,HORAIRE,DUREE) VALUES(21,2,57,'Lundi',16.3,30);
INSERT INTO Seance(IDGYMNASE,IDSPORT,IDSPORTIFENTRAINEUR,JOUR,HORAIRE,DUREE) VALUES(21,2,60,'Mardi',19.0,60);
INSERT INTO Seance(IDGYMNASE,IDSPORT,IDSPORTIFENTRAINEUR,JOUR,HORAIRE,DUREE) VALUES(21,5,7,'Mercredi',17.0,30);
INSERT INTO Seance(IDGYMNASE,IDSPORT,IDSPORTIFENTRAINEUR,JOUR,HORAIRE,DUREE) VALUES(22,2,57,'Mardi',10.0,30);
INSERT INTO Seance(IDGYMNASE,IDSPORT,IDSPORTIFENTRAINEUR,JOUR,HORAIRE,DUREE) VALUES(24,1,149,'Jeudi',9.0,90);
INSERT INTO Seance(IDGYMNASE,IDSPORT,IDSPORTIFENTRAINEUR,JOUR,HORAIRE,DUREE) VALUES(24,2,57,'Mercredi',10.0,90);
INSERT INTO Seance(IDGYMNASE,IDSPORT,IDSPORTIFENTRAINEUR,JOUR,HORAIRE,DUREE) VALUES(25,1,149,'Dimanche',18.0,60);
INSERT INTO Seance(IDGYMNASE,IDSPORT,IDSPORTIFENTRAINEUR,JOUR,HORAIRE,DUREE) VALUES(27,2,57,'Jeudi',10.0,90);
INSERT INTO Seance(IDGYMNASE,IDSPORT,IDSPORTIFENTRAINEUR,JOUR,HORAIRE,DUREE) VALUES(27,5,7,'Mercredi',14.0,120);
INSERT INTO Seance(IDGYMNASE,IDSPORT,IDSPORTIFENTRAINEUR,JOUR,HORAIRE,DUREE) VALUES(27,5,7,'Mercredi',17.0,90);
INSERT INTO Seance(IDGYMNASE,IDSPORT,IDSPORTIFENTRAINEUR,JOUR,HORAIRE,DUREE) VALUES(28,1,149,'Lundi',9.0,30);
INSERT INTO Seance(IDGYMNASE,IDSPORT,IDSPORTIFENTRAINEUR,JOUR,HORAIRE,DUREE) VALUES(28,5,6,'Dimanche',14.0,60);
INSERT INTO Seance(IDGYMNASE,IDSPORT,IDSPORTIFENTRAINEUR,JOUR,HORAIRE,DUREE) VALUES(28,5,6,'Dimanche',15.0,60);
INSERT INTO Seance(IDGYMNASE,IDSPORT,IDSPORTIFENTRAINEUR,JOUR,HORAIRE,DUREE) VALUES(28,5,6,'Dimanche',16.0,60);
INSERT INTO Seance(IDGYMNASE,IDSPORT,IDSPORTIFENTRAINEUR,JOUR,HORAIRE,DUREE) VALUES(28,5,6,'Dimanche',17.0,60);
INSERT INTO Seance(IDGYMNASE,IDSPORT,IDSPORTIFENTRAINEUR,JOUR,HORAIRE,DUREE) VALUES(28,5,7,'Mardi',18.0,90);
INSERT INTO Seance(IDGYMNASE,IDSPORT,IDSPORTIFENTRAINEUR,JOUR,HORAIRE,DUREE) VALUES(28,5,7,'Samedi',18.0,90);
INSERT INTO Seance(IDGYMNASE,IDSPORT,IDSPORTIFENTRAINEUR,JOUR,HORAIRE,DUREE) VALUES(28,5,7,'Vendredi',18.0,90);